album,track_count,spotify_mau,hype_score,days_to_release,event_type,first_week_streams
Divide,16,120,9,21,0,375
Scorpion,25,207,9,7,1,559
Astroworld,17,207,9,14,0,350
AfterHours,14,299,9,21,0,450
Justice,16,406,8,14,0,252
Midnights,20,489,10,21,0,776
SOS,23,489,9,21,0,400
Utopia,19,574,8,14,0,455
1989TV,21,574,9,21,0,600
TTPD,31,640,10,28,0,1173
HUT,22,640,10,21,0,580
ShortNSweet,12,640,8,21,0,450
GNX,12,640,10,7,1,363